old_name,new_name
1.jpg,garpu_0001.jpg
10.jpg,garpu_0002.jpg
11.jpg,garpu_0003.jpg
12.jpg,garpu_0004.jpg
13.jpg,garpu_0005.jpg
14.jpg,garpu_0006.jpg
15.jpg,garpu_0007.jpg
16.jpg,garpu_0008.jpg
17.jpg,garpu_0009.jpg
18.jpg,garpu_0010.jpg
19.jpg,garpu_0011.jpg
2.jpg,garpu_0012.jpg
20.jpg,garpu_0013.jpg
21.jpg,garpu_0014.jpg
22.jpg,garpu_0015.jpg
23.jpg,garpu_0016.jpg
24.jpg,garpu_0017.jpg
25.jpg,garpu_0018.jpg
26.jpg,garpu_0019.jpg
27.jpg,garpu_0020.jpg
28.jpg,garpu_0021.jpg
29.jpg,garpu_0022.jpg
3.jpg,garpu_0023.jpg
30.jpg,garpu_0024.jpg
31.jpg,garpu_0025.jpg
32.jpg,garpu_0026.jpg
33.jpg,garpu_0027.jpg
34.jpg,garpu_0028.jpg
35.jpg,garpu_0029.jpg
36.jpg,garpu_0030.jpg
37.jpg,garpu_0031.jpg
38.jpg,garpu_0032.jpg
39.jpg,garpu_0033.jpg
4.jpg,garpu_0034.jpg
40.jpg,garpu_0035.jpg
41.jpg,garpu_0036.jpg
42.jpg,garpu_0037.jpg
43.jpg,garpu_0038.jpg
44.jpg,garpu_0039.jpg
45.jpg,garpu_0040.jpg
46.jpg,garpu_0041.jpg
47.jpg,garpu_0042.jpg
5.jpg,garpu_0043.jpg
6.jpg,garpu_0044.jpg
7.jpg,garpu_0045.jpg
8.jpg,garpu_0046.jpg
9.jpg,garpu_0047.jpg
